{
    "total_runtime": 36.66061210632324,
    "num_documents": 1,
    "input_load_time": 0,
    "workflows": {
        "create_base_text_units": {
            "overall": 0.28505802154541016,
            "0_orderby": 0.0019373893737792969,
            "1_zip": 0.0027604103088378906,
            "2_aggregate_override": 0.003999948501586914,
            "3_chunk": 0.22998762130737305,
            "4_select": 0.002640962600708008,
            "5_unroll": 0.004000663757324219,
            "6_rename": 0.003999233245849609,
            "7_genid": 0.003000497817993164,
            "8_unzip": 0.0037078857421875,
            "9_copy": 0.0020151138305664062,
            "10_filter": 0.023985862731933594
        },
        "create_base_extracted_entities": {
            "overall": 17.773932218551636,
            "0_entity_extract": 17.746899366378784,
            "1_merge_graphs": 0.024016618728637695
        },
        "create_summarized_entities": {
            "overall": 1.8689398765563965,
            "0_summarize_descriptions": 1.8579487800598145
        },
        "create_base_entity_graph": {
            "overall": 0.08308768272399902,
            "0_cluster_graph": 0.04913210868835449,
            "1_select": 0.02296280860900879
        },
        "create_final_entities": {
            "overall": 2.325105667114258,
            "0_unpack_graph": 0.017049789428710938,
            "1_rename": 0.014003992080688477,
            "2_select": 0.013997793197631836,
            "3_dedupe": 0.015001773834228516,
            "4_rename": 0.015996932983398438,
            "5_filter": 0.038002729415893555,
            "6_text_split": 0.022999286651611328,
            "7_drop": 0.023186206817626953,
            "8_merge": 0.02599811553955078,
            "9_text_embed": 2.044788122177124,
            "10_drop": 0.016997814178466797,
            "11_filter": 0.06316494941711426
        },
        "create_final_nodes": {
            "overall": 0.37839221954345703,
            "0_layout_graph": 0.05071115493774414,
            "1_unpack_graph": 0.02693939208984375,
            "2_unpack_graph": 0.022000789642333984,
            "3_drop": 0.021044254302978516,
            "4_filter": 0.05437898635864258,
            "5_select": 0.020176172256469727,
            "6_rename": 0.020334959030151367,
            "7_convert": 0.09108257293701172,
            "8_join": 0.032738685607910156,
            "9_rename": 0.022069215774536133
        },
        "create_final_communities": {
            "overall": 0.5235373973846436,
            "0_unpack_graph": 0.028005361557006836,
            "1_unpack_graph": 0.028995752334594727,
            "2_aggregate_override": 0.026959657669067383,
            "3_join": 0.03292226791381836,
            "4_join": 0.03175020217895508,
            "5_concat": 0.02504277229309082,
            "6_filter": 0.056661367416381836,
            "7_aggregate_override": 0.028033018112182617,
            "8_join": 0.03389930725097656,
            "9_filter": 0.0669252872467041,
            "10_fill": 0.03334760665893555,
            "11_merge": 0.03206586837768555,
            "12_copy": 0.03193497657775879,
            "13_select": 0.04100823402404785
        },
        "join_text_units_to_entity_ids": {
            "overall": 0.18294501304626465,
            "0_select": 0.043004512786865234,
            "1_unroll": 0.04895377159118652,
            "2_aggregate_override": 0.05200004577636719
        },
        "create_final_relationships": {
            "overall": 0.5733838081359863,
            "0_unpack_graph": 0.032906293869018555,
            "1_filter": 0.15907835960388184,
            "2_rename": 0.033402204513549805,
            "3_filter": 0.07907652854919434,
            "4_drop": 0.04614114761352539,
            "5_compute_edge_combined_degree": 0.04781985282897949,
            "6_convert": 0.09305262565612793,
            "7_convert": 0.04494905471801758
        },
        "join_text_units_to_relationship_ids": {
            "overall": 0.237565279006958,
            "0_select": 0.047875404357910156,
            "1_unroll": 0.0491633415222168,
            "2_aggregate_override": 0.04947066307067871,
            "3_select": 0.04796099662780762
        },
        "create_final_community_reports": {
            "overall": 8.305534362792969,
            "0_prepare_community_reports_nodes": 0.03797435760498047,
            "1_prepare_community_reports_edges": 0.04396796226501465,
            "2_restore_community_hierarchy": 0.04299211502075195,
            "3_prepare_community_reports": 0.08904623985290527,
            "4_create_community_reports": 8.03052282333374,
            "5_window": 0.01399993896484375
        },
        "create_final_text_units": {
            "overall": 0.11701083183288574,
            "0_select": 0.015006542205810547,
            "1_rename": 0.014995574951171875,
            "2_join": 0.019006013870239258,
            "3_join": 0.01900792121887207,
            "4_aggregate_override": 0.017094135284423828,
            "5_select": 0.015903234481811523
        },
        "create_base_documents": {
            "overall": 0.17242193222045898,
            "0_unroll": 0.017000913619995117,
            "1_select": 0.016215801239013672,
            "2_rename": 0.01622152328491211,
            "3_join": 0.019013643264770508,
            "4_aggregate_override": 0.01896071434020996,
            "5_join": 0.02002096176147461,
            "6_rename": 0.015976428985595703,
            "7_convert": 0.03400135040283203
        },
        "create_final_documents": {
            "overall": 0.0320436954498291,
            "0_rename": 0.016005754470825195
        }
    }
}