{
    "total_runtime": 3.9856984615325928,
    "num_documents": 1,
    "input_load_time": 0,
    "workflows": {
        "create_base_text_units": {
            "overall": 0.15964102745056152,
            "0_orderby": 0.002396106719970703,
            "1_zip": 0.003007173538208008,
            "2_aggregate_override": 0.004013776779174805,
            "3_chunk": 0.11778807640075684,
            "4_select": 0.0030171871185302734,
            "5_unroll": 0.003519773483276367,
            "6_rename": 0.002991199493408203,
            "7_genid": 0.0028705596923828125,
            "8_unzip": 0.003392457962036133,
            "9_copy": 0.004006862640380859,
            "10_filter": 0.010614395141601562
        },
        "create_base_extracted_entities": {
            "overall": 0.2226088047027588,
            "0_entity_extract": 0.21277213096618652,
            "1_merge_graphs": 0.006833076477050781
        },
        "create_summarized_entities": {
            "overall": 0.020598173141479492,
            "0_summarize_descriptions": 0.015714406967163086
        },
        "create_base_entity_graph": {
            "overall": 0.025916576385498047,
            "0_cluster_graph": 0.015786409378051758,
            "1_select": 0.005618572235107422
        },
        "create_final_entities": {
            "overall": 0.3139667510986328,
            "0_unpack_graph": 0.005578041076660156,
            "1_rename": 0.005997180938720703,
            "2_select": 0.004671573638916016,
            "3_dedupe": 0.006971597671508789,
            "4_rename": 0.005276679992675781,
            "5_filter": 0.013732194900512695,
            "6_text_split": 0.0065746307373046875,
            "7_drop": 0.0065310001373291016,
            "8_merge": 0.009543895721435547,
            "9_text_embed": 0.22112512588500977,
            "10_drop": 0.006013631820678711,
            "11_filter": 0.01705193519592285
        },
        "create_final_nodes": {
            "overall": 0.12782907485961914,
            "0_layout_graph": 0.014449119567871094,
            "1_unpack_graph": 0.008703947067260742,
            "2_unpack_graph": 0.009456396102905273,
            "3_drop": 0.008026599884033203,
            "4_filter": 0.01711893081665039,
            "5_select": 0.008053064346313477,
            "6_rename": 0.008085966110229492,
            "7_convert": 0.027043819427490234,
            "8_join": 0.01200723648071289,
            "9_rename": 0.007997512817382812
        },
        "create_final_communities": {
            "overall": 0.18418049812316895,
            "0_unpack_graph": 0.009485721588134766,
            "1_unpack_graph": 0.00942087173461914,
            "2_aggregate_override": 0.010422706604003906,
            "3_join": 0.011551856994628906,
            "4_join": 0.012569665908813477,
            "5_concat": 0.009042501449584961,
            "6_filter": 0.02198934555053711,
            "7_aggregate_override": 0.011747121810913086,
            "8_join": 0.013353347778320312,
            "9_filter": 0.02308344841003418,
            "10_fill": 0.010711669921875,
            "11_merge": 0.012325286865234375,
            "12_copy": 0.009786128997802734,
            "13_select": 0.010009050369262695
        },
        "join_text_units_to_entity_ids": {
            "overall": 0.044682979583740234,
            "0_select": 0.010541439056396484,
            "1_unroll": 0.01153707504272461,
            "2_aggregate_override": 0.013025999069213867
        },
        "create_final_relationships": {
            "overall": 0.15285205841064453,
            "0_unpack_graph": 0.012798786163330078,
            "1_filter": 0.025531768798828125,
            "2_rename": 0.012024641036987305,
            "3_filter": 0.026100635528564453,
            "4_drop": 0.011099100112915039,
            "5_compute_edge_combined_degree": 0.014594554901123047,
            "6_convert": 0.02500748634338379,
            "7_convert": 0.015116453170776367
        },
        "join_text_units_to_relationship_ids": {
            "overall": 0.0659475326538086,
            "0_select": 0.01271677017211914,
            "1_unroll": 0.013622522354125977,
            "2_aggregate_override": 0.014592647552490234,
            "3_select": 0.013507843017578125
        },
        "create_final_community_reports": {
            "overall": 0.12400603294372559,
            "0_prepare_community_reports_nodes": 0.013523340225219727,
            "1_prepare_community_reports_edges": 0.01367950439453125,
            "2_restore_community_hierarchy": 0.015000343322753906,
            "3_prepare_community_reports": 0.02983546257019043,
            "4_create_community_reports": 0.024213552474975586,
            "5_window": 0.014590024948120117
        },
        "create_final_text_units": {
            "overall": 0.11014819145202637,
            "0_select": 0.015084266662597656,
            "1_rename": 0.01455068588256836,
            "2_join": 0.017850399017333984,
            "3_join": 0.017547607421875,
            "4_aggregate_override": 0.016019344329833984,
            "5_select": 0.015531539916992188
        },
        "create_base_documents": {
            "overall": 0.16862273216247559,
            "0_unroll": 0.01563429832458496,
            "1_select": 0.015390157699584961,
            "2_rename": 0.016732215881347656,
            "3_join": 0.01897263526916504,
            "4_aggregate_override": 0.016847610473632812,
            "5_join": 0.019639968872070312,
            "6_rename": 0.017164230346679688,
            "7_convert": 0.033110857009887695
        },
        "create_final_documents": {
            "overall": 0.032787322998046875,
            "0_rename": 0.01624321937561035
        }
    }
}