{
    "total_runtime": 4.315932512283325,
    "num_documents": 1,
    "input_load_time": 0,
    "workflows": {
        "create_base_text_units": {
            "overall": 0.16141533851623535,
            "0_orderby": 0.0020771026611328125,
            "1_zip": 0.002321481704711914,
            "2_aggregate_override": 0.003574848175048828,
            "3_chunk": 0.12065792083740234,
            "4_select": 0.0021834373474121094,
            "5_unroll": 0.003900289535522461,
            "6_rename": 0.0026640892028808594,
            "7_genid": 0.002953767776489258,
            "8_unzip": 0.004017829895019531,
            "9_copy": 0.0025441646575927734,
            "10_filter": 0.011520147323608398
        },
        "create_base_extracted_entities": {
            "overall": 0.23793482780456543,
            "0_entity_extract": 0.22641634941101074,
            "1_merge_graphs": 0.008531570434570312
        },
        "create_summarized_entities": {
            "overall": 0.0208892822265625,
            "0_summarize_descriptions": 0.01665806770324707
        },
        "create_base_entity_graph": {
            "overall": 0.027652502059936523,
            "0_cluster_graph": 0.01636362075805664,
            "1_select": 0.006318092346191406
        },
        "create_final_entities": {
            "overall": 0.34456539154052734,
            "0_unpack_graph": 0.006021976470947266,
            "1_rename": 0.00501704216003418,
            "2_select": 0.0050203800201416016,
            "3_dedupe": 0.0065155029296875,
            "4_rename": 0.006570577621459961,
            "5_filter": 0.014277935028076172,
            "6_text_split": 0.006167888641357422,
            "7_drop": 0.007097005844116211,
            "8_merge": 0.018033742904663086,
            "9_text_embed": 0.24040842056274414,
            "10_drop": 0.007441043853759766,
            "11_filter": 0.016048669815063477
        },
        "create_final_nodes": {
            "overall": 0.1332247257232666,
            "0_layout_graph": 0.013504266738891602,
            "1_unpack_graph": 0.008627176284790039,
            "2_unpack_graph": 0.010293006896972656,
            "3_drop": 0.008517980575561523,
            "4_filter": 0.018014907836914062,
            "5_select": 0.008350372314453125,
            "6_rename": 0.008553028106689453,
            "7_convert": 0.028034687042236328,
            "8_join": 0.012097597122192383,
            "9_rename": 0.010511636734008789
        },
        "create_final_communities": {
            "overall": 0.19819927215576172,
            "0_unpack_graph": 0.010122537612915039,
            "1_unpack_graph": 0.011533737182617188,
            "2_aggregate_override": 0.011356592178344727,
            "3_join": 0.014557600021362305,
            "4_join": 0.012588262557983398,
            "5_concat": 0.010519981384277344,
            "6_filter": 0.023551464080810547,
            "7_aggregate_override": 0.01244044303894043,
            "8_join": 0.014003992080688477,
            "9_filter": 0.023732900619506836,
            "10_fill": 0.010828971862792969,
            "11_merge": 0.011509418487548828,
            "12_copy": 0.01066279411315918,
            "13_select": 0.011610984802246094
        },
        "join_text_units_to_entity_ids": {
            "overall": 0.04657411575317383,
            "0_select": 0.010692358016967773,
            "1_unroll": 0.011591196060180664,
            "2_aggregate_override": 0.013672828674316406
        },
        "create_final_relationships": {
            "overall": 0.1563866138458252,
            "0_unpack_graph": 0.011928319931030273,
            "1_filter": 0.025245189666748047,
            "2_rename": 0.011667490005493164,
            "3_filter": 0.026826143264770508,
            "4_drop": 0.013511419296264648,
            "5_compute_edge_combined_degree": 0.016234159469604492,
            "6_convert": 0.025694608688354492,
            "7_convert": 0.013597726821899414
        },
        "join_text_units_to_relationship_ids": {
            "overall": 0.06616663932800293,
            "0_select": 0.012692451477050781,
            "1_unroll": 0.013712406158447266,
            "2_aggregate_override": 0.013905525207519531,
            "3_select": 0.013507604598999023
        },
        "create_final_community_reports": {
            "overall": 0.1330854892730713,
            "0_prepare_community_reports_nodes": 0.01413583755493164,
            "1_prepare_community_reports_edges": 0.01499795913696289,
            "2_restore_community_hierarchy": 0.016579627990722656,
            "3_prepare_community_reports": 0.03007197380065918,
            "4_create_community_reports": 0.028587818145751953,
            "5_window": 0.014632701873779297
        },
        "create_final_text_units": {
            "overall": 0.11220431327819824,
            "0_select": 0.014626741409301758,
            "1_rename": 0.013417482376098633,
            "2_join": 0.019037961959838867,
            "3_join": 0.0188596248626709,
            "4_aggregate_override": 0.016626834869384766,
            "5_select": 0.015523195266723633
        },
        "create_base_documents": {
            "overall": 0.17022156715393066,
            "0_unroll": 0.014966726303100586,
            "1_select": 0.01573944091796875,
            "2_rename": 0.014100790023803711,
            "3_join": 0.020399808883666992,
            "4_aggregate_override": 0.01598191261291504,
            "5_join": 0.021660566329956055,
            "6_rename": 0.017002344131469727,
            "7_convert": 0.03531980514526367
        },
        "create_final_documents": {
            "overall": 0.03313279151916504,
            "0_rename": 0.01727294921875
        }
    }
}